created_utc,subreddit,author,domain,url,num_comments,score,ups,downs,title,selftext,saved,id,from_kind,gilded,from,stickied,retrieved_on,over_18,thumbnail,subreddit_id,hide_score,link_flair_css_class,author_flair_css_class,archived,is_self,from_id,permalink,name,author_flair_text,quarantine,link_flair_text,distinguished
1513275915,AdviceAnimals,bulletv1,i.imgur.com,https://i.imgur.com/1yBMXLr.jpg,1855,70606,,,Scumbag Ajit Pai,,,7jticd,,0,,false,1515330794,false,https://b.thumbs.redditmedia.com/jHPMF0S6iuN8TQaa8jFg1YkSAynKDsH56pjZ8WunTpI.jpg,t5_2s7tt,false,approved,sap,false,false,,/r/AdviceAnimals/comments/7jticd/scumbag_ajit_pai/,,,,Mod Approved,
1512229364,AdviceAnimals,VW_wanker,i.imgur.com,https://i.imgur.com/DzkSQed.jpg,3212,62390,,,for 40 years they have tried and it has never been passed.,,,7h3a93,,1,,false,1512336895,false,https://b.thumbs.redditmedia.com/pXIxV--M8FejhlxFwgSCaibzx2XaSmdNK6JCdvQ34qY.jpg,t5_2s7tt,false,,,false,false,,/r/AdviceAnimals/comments/7h3a93/for_40_years_they_have_tried_and_it_has_never/,,,,,
1513028225,AdviceAnimals,NeilPoonHandler,i.redd.it,https://i.redd.it/6vmleut64d301.jpg,4334,49591,,,A friendly reminder to Alabama Redditors who are voting tomorrow,,,7j5ldw,,1,,false,1515318222,false,https://b.thumbs.redditmedia.com/9r_rYWL1w4ObwLKWx6C4KvAXLVGClp8vg-X-XfGXL_w.jpg,t5_2s7tt,false,,,false,false,,/r/AdviceAnimals/comments/7j5ldw/a_friendly_reminder_to_alabama_redditors_who_are/,,,,,
1514722970,AdviceAnimals,Paree10,i.imgur.com,https://i.imgur.com/q1YLbmn.png,1298,49284,,,"Applicable any day of the year, not just tonight.",,,7n8879,,0,,false,1515397917,false,https://b.thumbs.redditmedia.com/EVQN7wUpTj6o8wfHwSSiBnGaTV5GLE7vYFx2aRn-eOQ.jpg,t5_2s7tt,false,,,false,false,,/r/AdviceAnimals/comments/7n8879/applicable_any_day_of_the_year_not_just_tonight/,,,,,
1513613073,AdviceAnimals,the_internet_officer,i.imgur.com,https://i.imgur.com/jsWe0CE.jpg,665,45894,,,"Yeah, I'm looking at you, every American news website",,,7km3qh,,0,,false,1515346486,false,https://b.thumbs.redditmedia.com/nADzHym1VQU7kLAo1cUoguXWl5BdJJxsrOC01SH1yZo.jpg,t5_2s7tt,false,,,false,false,,/r/AdviceAnimals/comments/7km3qh/yeah_im_looking_at_you_every_american_news_website/,,,,,
1514207090,AdviceAnimals,ImmunosuppressivePip,i.redd.it,https://i.redd.it/jnnbbeujh2601.png,350,44273,,,He set himself up for that one.,,,7m19mf,,0,,false,1515374788,false,https://b.thumbs.redditmedia.com/Nmf2ybMHtKepBQQCkspnXniFnWVGf0X_JbTGnZFgKBI.jpg,t5_2s7tt,false,,,false,false,,/r/AdviceAnimals/comments/7m19mf/he_set_himself_up_for_that_one/,,,,,
1514401041,AdviceAnimals,ryleylamarsh,i.imgur.com,https://i.imgur.com/rhxMYPe.jpg,1913,40617,,,$1.50 to fill my tires :-(,,,7mgyr3,,0,,false,1515383529,false,https://a.thumbs.redditmedia.com/eQ3HKDO6dJVfXmaAjJwomzVjDxrfo_-OEZw8mN5ht54.jpg,t5_2s7tt,false,,,false,false,,/r/AdviceAnimals/comments/7mgyr3/150_to_fill_my_tires/,,,,,
1514038386,AdviceAnimals,I_am_very_rude,i.imgflip.com,https://i.imgflip.com/21kxfn.jpg,1634,39633,,,Our General Manager is a perfect example of corporate Holiday Spirit and good faith.,,,7losxl,,0,,false,1515367893,false,https://b.thumbs.redditmedia.com/IKxndYXnit5ur-TqptvxgjsNZ_YhOO3-ZQL8ocVSWXw.jpg,t5_2s7tt,false,,,false,false,,/r/AdviceAnimals/comments/7losxl/our_general_manager_is_a_perfect_example_of/,,,,,
1513123824,AdviceAnimals,SClay,imgur.com,https://imgur.com/Ns8pOk2,847,38438,,,He's still a complete jerk to this day!,,,7jf7in,,0,,false,1515323263,false,https://b.thumbs.redditmedia.com/PkRKnEru8wlf5YLrSVxmM-KKqQpYT4o47VfSm5MOinw.jpg,t5_2s7tt,false,,,false,false,,/r/AdviceAnimals/comments/7jf7in/hes_still_a_complete_jerk_to_this_day/,,,,,
1513865633,AdviceAnimals,shmuusli,i.redd.it,https://i.redd.it/xb5c7hw8aa501.jpg,666,38135,,,Greatest invention of all time,,,7l9ozl,,0,,false,1515359609,false,https://b.thumbs.redditmedia.com/2lgbbT9_neClJiJa07yMvYJMWHdrxRDVIAnsbvqrFHw.jpg,t5_2s7tt,false,,,false,false,,/r/AdviceAnimals/comments/7l9ozl/greatest_invention_of_all_time/,,,,,
